price,area,location,no._of_bedrooms,resale,maintenancestaff,gymnasium,swimmingpool,landscapedgardens,joggingtrack,rainwaterharvesting,indoorgames,shoppingmall,intercom,sportsfacility,atm,clubhouse,school,24x7security,powerbackup,carparking,staffquarter,cafeteria,multipurposeroom,hospital,washingmachine,gasconnection,ac,wifi,children'splayarea,liftavailable,bed,vaastucompliant,microwave,golfcourse,tv,diningtable,sofa,wardrobe,refrigerator,city,price_per_sqft,location_frequency,latitude,longitude,distance_to_city_center_km,neighborhood_avg_price_2km
170600000,8331,Hebbal,5,0,0,1,1,0,1,1,1,0,1,1,0,1,0,1,1,1,0,0,0,0,0,0,0,0,1,0,0,0,0,0,0,0,0,0,0,Bangalore,20477.733765454326,76,13.0382184,77.5919,7.375846811254401,30201646.292682927
182300000,8902,Hebbal,5,0,0,1,1,0,1,1,1,0,1,1,0,1,0,1,1,1,0,0,0,0,0,0,0,0,1,0,0,0,0,0,0,0,0,0,0,Bangalore,20478.54414738261,76,13.0382184,77.5919,7.375846811254401,30201646.292682927
198600000,9700,Hebbal,5,0,0,1,1,0,1,1,1,0,1,1,0,1,0,1,1,1,0,0,0,0,0,0,0,0,1,0,0,0,0,0,0,0,0,0,0,Bangalore,20474.22680412371,76,13.0382184,77.5919,7.375846811254401,30201646.292682927
202700000,9900,Hebbal,5,0,0,1,1,0,1,1,1,0,1,1,0,1,0,1,1,1,0,0,0,0,0,0,0,0,1,0,0,0,0,0,0,0,0,0,0,Bangalore,20474.74747474748,76,13.0382184,77.5919,7.375846811254401,30201646.292682927
170000000,8300,Hebbal,5,0,0,1,1,0,1,1,1,0,1,1,0,1,0,1,1,1,0,0,0,0,0,0,0,0,1,0,0,0,0,0,0,0,0,0,0,Bangalore,20481.92771084337,76,13.0382184,77.5919,7.375846811254401,30201646.292682927
157700000,7700,Hebbal,4,0,0,1,1,0,1,1,1,0,1,1,0,1,0,1,1,1,0,0,0,0,0,0,0,0,1,0,0,0,0,0,0,0,0,0,0,Bangalore,20480.51948051948,76,13.0382184,77.5919,7.375846811254401,30201646.292682927
113400000,4977,Richmond Town,4,0,0,1,1,1,1,1,1,0,1,0,0,1,0,1,1,1,0,0,1,0,0,0,0,0,1,1,0,1,0,0,0,0,0,0,0,Bangalore,22784.81012658228,39,12.963555,77.6015856,1.1690135178514505,10983020.747833624
115000000,2440,Thanisandra,3,0,9,9,9,9,9,9,9,9,9,9,9,9,9,9,9,9,9,9,9,9,9,9,9,9,9,9,9,9,9,9,9,9,9,9,9,Bangalore,47131.147540983606,36,13.054713,77.6339258,10.136274693709527,9556101.08988764
113200000,2915,Richmond Town,3,0,9,9,9,9,9,9,9,9,9,9,9,9,9,9,9,9,9,9,9,9,9,9,9,9,9,9,9,9,9,9,9,9,9,9,9,Bangalore,38833.6192109777,39,12.963555,77.6015856,1.1690135178514505,10983020.747833624
120000000,1075,Horamavu,2,0,9,9,9,9,9,9,9,9,9,9,9,9,9,9,9,9,9,9,9,9,9,9,9,9,9,9,9,9,9,9,9,9,9,9,9,Bangalore,111627.90697674418,100,13.0273312,77.6601508,9.41193463849191,8095874.037037037
190000000,1366,Kannamangala,3,0,9,9,9,9,9,9,9,9,9,9,9,9,9,9,9,9,9,9,9,9,9,9,9,9,9,9,9,9,9,9,9,9,9,9,9,Bangalore,139092.2401171303,22,13.0155506,77.7630303,18.90844301028815,18157759.92
140000000,2870,Bommanahalli,4,0,9,9,9,9,9,9,9,9,9,9,9,9,9,9,9,9,9,9,9,9,9,9,9,9,9,9,9,9,9,9,9,9,9,9,9,Bangalore,48780.48780487805,40,12.9089453,77.6239038,7.626040282502169,9392856.15
175000000,785,Bommasandra,1,0,9,9,9,9,9,9,9,9,9,9,9,9,9,9,9,9,9,9,9,9,9,9,9,9,9,9,9,9,9,9,9,9,9,9,9,Bangalore,222929.9363057325,114,13.0544346,77.5593269,9.930807668621007,9876516.906779662
120000000,1050,Yelahanka,2,0,9,9,9,9,9,9,9,9,9,9,9,9,9,9,9,9,9,9,9,9,9,9,9,9,9,9,9,9,9,9,9,9,9,9,9,Bangalore,114285.71428571428,130,13.1006982,77.5963454,14.283491151879716,9680519.015267177
190000000,2215,Kogilu,3,0,9,9,9,9,9,9,9,9,9,9,9,9,9,9,9,9,9,9,9,9,9,9,9,9,9,9,9,9,9,9,9,9,9,9,9,Bangalore,85778.78103837471,17,13.103973,77.6167721,14.840693944825656,22521944.444444444
260000000,731,Manyata Tech Park Nagawara,2,0,9,9,9,9,9,9,9,9,9,9,9,9,9,9,9,9,9,9,9,9,9,9,9,9,9,9,9,9,9,9,9,9,9,9,9,Bangalore,355677.1545827633,22,12.9767936,77.590082,0.7552555834619402,10986437.7746114
300000000,785,Bommasandra,2,0,9,9,9,9,9,9,9,9,9,9,9,9,9,9,9,9,9,9,9,9,9,9,9,9,9,9,9,9,9,9,9,9,9,9,9,Bangalore,382165.6050955414,114,13.0544346,77.5593269,9.930807668621007,9876516.906779662
120000000,1214,Budigere Cross,2,0,9,9,9,9,9,9,9,9,9,9,9,9,9,9,9,9,9,9,9,9,9,9,9,9,9,9,9,9,9,9,9,9,9,9,9,Bangalore,98846.78747940692,74,13.0462134,77.7504125,18.810571742194952,8698337.797297297
270000000,1225,Anekal City,3,0,9,9,9,9,9,9,9,9,9,9,9,9,9,9,9,9,9,9,9,9,9,9,9,9,9,9,9,9,9,9,9,9,9,9,9,Bangalore,220408.16326530607,95,12.9369364,77.7498514,17.276471023525154,9037258.517110266
190000000,1095,Rr Nagar,2,0,9,9,9,9,9,9,9,9,9,9,9,9,9,9,9,9,9,9,9,9,9,9,9,9,9,9,9,9,9,9,9,9,9,9,9,Bangalore,173515.98173515982,217,12.9314732,77.5290964,8.379951420427018,8812512.98141264
123000000,957,Konanakunte,2,0,9,9,9,9,9,9,9,9,9,9,9,9,9,9,9,9,9,9,9,9,9,9,9,9,9,9,9,9,9,9,9,9,9,9,9,Bangalore,128526.64576802508,82,12.8792861,77.5697529,10.562618551030504,11850728.84939759
200000000,1070,Kumbalgodu,2,0,9,9,9,9,9,9,9,9,9,9,9,9,9,9,9,9,9,9,9,9,9,9,9,9,9,9,9,9,9,9,9,9,9,9,9,Bangalore,186915.8878504673,48,12.9767936,77.590082,0.7552555834619402,10986437.7746114
104700000,3810,Raja Annamalai Puram,4,0,0,1,1,1,0,0,1,0,0,0,0,1,0,1,1,1,0,0,0,0,0,0,0,0,1,0,0,0,0,0,0,0,0,0,0,Chennai,27480.314960629923,36,13.0244783,80.253937,6.692807778335111,26873267.36046512
190000000,7240,Nungambakkam,5,0,0,1,1,1,0,1,0,0,1,0,0,1,0,0,1,0,0,0,0,0,0,0,0,0,1,1,0,1,0,0,0,0,0,0,0,Chennai,26243.093922651933,47,13.0620626,80.240487,3.993678350801926,17347487.30379747
150000000,5777,Nungambakkam,5,0,0,1,1,1,0,1,0,0,1,0,0,1,0,0,1,0,0,0,0,0,0,0,0,0,1,1,0,1,0,0,0,0,0,0,0,Chennai,25965.03375454388,47,13.0620626,80.240487,3.993678350801926,17347487.30379747
127000000,6500,Royapettah,5,0,1,1,1,1,1,1,1,0,1,0,0,1,0,1,1,1,0,0,1,0,0,0,0,0,1,1,0,0,0,0,0,0,0,0,0,Chennai,19538.46153846154,8,13.0554718,80.2639706,3.099438665428577,15444586.155172411
132600000,1481,Kanathur Reddikuppam,3,0,9,9,9,9,9,9,9,9,9,9,9,9,9,9,9,9,9,9,9,9,9,9,9,9,9,9,9,9,9,9,9,9,9,9,9,Chennai,89534.09858203917,26,13.0836939,80.270186,0.1232786588457234,7601239.780952381
183600000,662,Pozhichalur,2,0,9,9,9,9,9,9,9,9,9,9,9,9,9,9,9,9,9,9,9,9,9,9,9,9,9,9,9,9,9,9,9,9,9,9,9,Chennai,277341.38972809666,29,12.9905297,80.1440498,17.108413504767746,15810310.344827589
110000000,2500,West End,4,1,0,0,0,0,0,0,0,0,0,0,0,0,0,0,1,0,0,0,0,0,0,1,1,0,0,1,0,0,1,0,0,0,0,0,1,Delhi,44000.0,22,28.5747614,77.1630662,15.509628382246088,46777419.35483871
110000000,2500,West End,4,1,0,0,0,0,0,0,0,0,0,0,0,0,0,0,1,0,0,0,0,0,0,1,1,0,0,1,0,0,1,0,0,0,0,0,1,Delhi,44000.0,22,28.5747614,77.1630662,15.509628382246088,46777419.35483871
162500000,6400,Dlf Phase 5,5,1,0,1,1,0,0,0,0,0,0,1,0,0,0,0,0,0,0,0,0,0,0,1,0,0,1,1,0,0,0,0,0,0,0,0,0,Delhi,25390.625,2,28.4823661,77.1724534,25.50944218490189,42000000.0
340000000,450,Mahavir Enclave,2,1,9,9,9,9,9,9,9,9,9,9,9,9,9,9,9,9,9,9,9,9,9,9,9,9,9,9,9,9,9,9,9,9,9,9,9,Delhi,755555.5555555555,34,28.600032,77.0789777,11.760876109314866,15437193.933333334
340000000,900,Uttam Nagar,3,0,9,9,9,9,9,9,9,9,9,9,9,9,9,9,9,9,9,9,9,9,9,9,9,9,9,9,9,9,9,9,9,9,9,9,9,Delhi,377777.77777777775,430,28.6215226,77.0611064,10.006672574224078,5982794.1712204
240000000,850,Greater Kailash 1,1,1,9,9,9,9,9,9,9,9,9,9,9,9,9,9,9,9,9,9,9,9,9,9,9,9,9,9,9,9,9,9,9,9,9,9,9,Delhi,282352.9411764706,7,28.5538933,77.2400488,21.40191005038554,50720660.28708134
140000000,765,Jogabai Extension New Delhi,2,1,9,9,9,9,9,9,9,9,9,9,9,9,9,9,9,9,9,9,9,9,9,9,9,9,9,9,9,9,9,9,9,9,9,9,9,Delhi,183006.53594771243,2,28.6328027,77.2197713,13.92270686433837,21341348.308988765
233400000,1050,Delhi,3,1,9,9,9,9,9,9,9,9,9,9,9,9,9,9,9,9,9,9,9,9,9,9,9,9,9,9,9,9,9,9,9,9,9,9,9,Delhi,222285.7142857143,59,28.6138954,77.2090057,14.43436058320876,30126888.873015877
235000000,4966,Greater Kailash,3,0,9,9,9,9,9,9,9,9,9,9,9,9,9,9,9,9,9,9,9,9,9,9,9,9,9,9,9,9,9,9,9,9,9,9,9,Delhi,47321.788159484495,91,28.5419077,77.2384925,22.36028963315253,44337660.92703863
105700000,5000,Greater Kailash,3,0,9,9,9,9,9,9,9,9,9,9,9,9,9,9,9,9,9,9,9,9,9,9,9,9,9,9,9,9,9,9,9,9,9,9,9,Delhi,21140.0,91,28.5419077,77.2384925,22.36028963315253,44337660.92703863
188000000,2250,Greater Kailash,3,0,9,9,9,9,9,9,9,9,9,9,9,9,9,9,9,9,9,9,9,9,9,9,9,9,9,9,9,9,9,9,9,9,9,9,9,Delhi,83555.55555555556,91,28.5419077,77.2384925,22.36028963315253,44337660.92703863
112800000,4000,Greater Kailash,4,0,9,9,9,9,9,9,9,9,9,9,9,9,9,9,9,9,9,9,9,9,9,9,9,9,9,9,9,9,9,9,9,9,9,9,9,Delhi,28200.0,91,28.5419077,77.2384925,22.36028963315253,44337660.92703863
327800000,2402,Greater Kailash,3,0,9,9,9,9,9,9,9,9,9,9,9,9,9,9,9,9,9,9,9,9,9,9,9,9,9,9,9,9,9,9,9,9,9,9,9,Delhi,136469.60865945046,91,28.5419077,77.2384925,22.36028963315253,44337660.92703863
108600000,6976,Greater Kailash,5,0,9,9,9,9,9,9,9,9,9,9,9,9,9,9,9,9,9,9,9,9,9,9,9,9,9,9,9,9,9,9,9,9,9,9,9,Delhi,15567.660550458717,91,28.5419077,77.2384925,22.36028963315253,44337660.92703863
320300000,520,Sarita Vihar,1,1,9,9,9,9,9,9,9,9,9,9,9,9,9,9,9,9,9,9,9,9,9,9,9,9,9,9,9,9,9,9,9,9,9,9,9,Delhi,615961.5384615385,61,28.5334785,77.2935232,26.581240838752112,23527494.81443299
331300000,6815,Greater Kailash,3,0,9,9,9,9,9,9,9,9,9,9,9,9,9,9,9,9,9,9,9,9,9,9,9,9,9,9,9,9,9,9,9,9,9,9,9,Delhi,48613.35289801908,91,28.5419077,77.2384925,22.36028963315253,44337660.92703863
254800000,7049,Greater Kailash,5,0,9,9,9,9,9,9,9,9,9,9,9,9,9,9,9,9,9,9,9,9,9,9,9,9,9,9,9,9,9,9,9,9,9,9,9,Delhi,36146.97120158888,91,28.5419077,77.2384925,22.36028963315253,44337660.92703863
312500000,5422,Greater Kailash,4,0,9,9,9,9,9,9,9,9,9,9,9,9,9,9,9,9,9,9,9,9,9,9,9,9,9,9,9,9,9,9,9,9,9,9,9,Delhi,57635.558834378455,91,28.5419077,77.2384925,22.36028963315253,44337660.92703863
258600000,6650,Greater Kailash,4,0,9,9,9,9,9,9,9,9,9,9,9,9,9,9,9,9,9,9,9,9,9,9,9,9,9,9,9,9,9,9,9,9,9,9,9,Delhi,38887.21804511278,91,28.5419077,77.2384925,22.36028963315253,44337660.92703863
258500000,5503,Greater Kailash,4,0,9,9,9,9,9,9,9,9,9,9,9,9,9,9,9,9,9,9,9,9,9,9,9,9,9,9,9,9,9,9,9,9,9,9,9,Delhi,46974.37761221152,91,28.5419077,77.2384925,22.36028963315253,44337660.92703863
204400000,5500,Greater Kailash,5,0,9,9,9,9,9,9,9,9,9,9,9,9,9,9,9,9,9,9,9,9,9,9,9,9,9,9,9,9,9,9,9,9,9,9,9,Delhi,37163.63636363636,91,28.5419077,77.2384925,22.36028963315253,44337660.92703863
323200000,4350,Greater Kailash,4,0,9,9,9,9,9,9,9,9,9,9,9,9,9,9,9,9,9,9,9,9,9,9,9,9,9,9,9,9,9,9,9,9,9,9,9,Delhi,74298.85057471265,91,28.5419077,77.2384925,22.36028963315253,44337660.92703863
352500000,6877,Greater Kailash,3,0,9,9,9,9,9,9,9,9,9,9,9,9,9,9,9,9,9,9,9,9,9,9,9,9,9,9,9,9,9,9,9,9,9,9,9,Delhi,51257.81590809946,91,28.5419077,77.2384925,22.36028963315253,44337660.92703863
340900000,7500,Greater Kailash,5,0,9,9,9,9,9,9,9,9,9,9,9,9,9,9,9,9,9,9,9,9,9,9,9,9,9,9,9,9,9,9,9,9,9,9,9,Delhi,45453.333333333336,91,28.5419077,77.2384925,22.36028963315253,44337660.92703863
340700000,7254,Greater Kailash,5,0,9,9,9,9,9,9,9,9,9,9,9,9,9,9,9,9,9,9,9,9,9,9,9,9,9,9,9,9,9,9,9,9,9,9,9,Delhi,46967.19051557761,91,28.5419077,77.2384925,22.36028963315253,44337660.92703863
324500000,7251,Greater Kailash,5,0,9,9,9,9,9,9,9,9,9,9,9,9,9,9,9,9,9,9,9,9,9,9,9,9,9,9,9,9,9,9,9,9,9,9,9,Delhi,44752.44793821542,91,28.5419077,77.2384925,22.36028963315253,44337660.92703863
240000000,516,Badarpur,1,1,9,9,9,9,9,9,9,9,9,9,9,9,9,9,9,9,9,9,9,9,9,9,9,9,9,9,9,9,9,9,9,9,9,9,9,Delhi,465116.27906976745,16,28.4932633,77.3030303,30.507960721109196,18457842.10526316
110000000,516,Sarita Vihar,1,1,9,9,9,9,9,9,9,9,9,9,9,9,9,9,9,9,9,9,9,9,9,9,9,9,9,9,9,9,9,9,9,9,9,9,9,Delhi,213178.29457364345,61,28.5334785,77.2935232,26.581240838752112,23527494.81443299
255000000,450,Paryavaran Complex,2,1,9,9,9,9,9,9,9,9,9,9,9,9,9,9,9,9,9,9,9,9,9,9,9,9,9,9,9,9,9,9,9,9,9,9,9,Delhi,566666.6666666666,4,28.5152395,77.1980041,22.920835143668377,31008314.79629629
174500000,1821,Shivalik,3,0,9,9,9,9,9,9,9,9,9,9,9,9,9,9,9,9,9,9,9,9,9,9,9,9,9,9,9,9,9,9,9,9,9,9,9,Delhi,95826.4689730917,3,28.5353753,77.2081104,21.36224064478771,49514985.68571428
354099999,700,Devli,2,1,9,9,9,9,9,9,9,9,9,9,9,9,9,9,9,9,9,9,9,9,9,9,9,9,9,9,9,9,9,9,9,9,9,9,9,Delhi,505857.1414285714,1,28.5138992,77.2349329,24.74112015621581,44787499.958333336
150000000,900,Inderpuri,2,1,9,9,9,9,9,9,9,9,9,9,9,9,9,9,9,9,9,9,9,9,9,9,9,9,9,9,9,9,9,9,9,9,9,9,9,Delhi,166666.66666666666,1,28.6286841,77.1470979,9.426933420532942,52200000.0
270000000,2210,Sector 22 Dwarka,3,1,9,9,9,9,9,9,9,9,9,9,9,9,9,9,9,9,9,9,9,9,9,9,9,9,9,9,9,9,9,9,9,9,9,9,9,Delhi,122171.94570135749,62,28.5579591,77.0580701,16.76929703304302,20293198.5
325000000,5422,Greater Kailash,4,1,9,9,9,9,9,9,9,9,9,9,9,9,9,9,9,9,9,9,9,9,9,9,9,9,9,9,9,9,9,9,9,9,9,9,9,Delhi,59940.9811877536,91,28.5419077,77.2384925,22.36028963315253,44337660.92703863
320000000,7254,Greater Kailash,5,1,9,9,9,9,9,9,9,9,9,9,9,9,9,9,9,9,9,9,9,9,9,9,9,9,9,9,9,9,9,9,9,9,9,9,9,Delhi,44113.59250068927,91,28.5419077,77.2384925,22.36028963315253,44337660.92703863
654599999,2863,Sector 4 Dwarka,3,1,9,9,9,9,9,9,9,9,9,9,9,9,9,9,9,9,9,9,9,9,9,9,9,9,9,9,9,9,9,9,9,9,9,9,9,Delhi,228641.2850157178,76,28.601669,77.0489574,12.50109528558035,17863169.07090909
383500000,5621,Hauz Khas,4,0,9,9,9,9,9,9,9,9,9,9,9,9,9,9,9,9,9,9,9,9,9,9,9,9,9,9,9,9,9,9,9,9,9,9,9,Delhi,68226.2942536915,9,28.5498086,77.2077638,19.95910778919036,63874193.548387095
170000000,900,Sarita Vihar,2,1,9,9,9,9,9,9,9,9,9,9,9,9,9,9,9,9,9,9,9,9,9,9,9,9,9,9,9,9,9,9,9,9,9,9,9,Delhi,188888.88888888888,61,28.5334785,77.2935232,26.581240838752112,23527494.81443299
200000000,2580,Sector-18 Dwarka,4,1,9,9,9,9,9,9,9,9,9,9,9,9,9,9,9,9,9,9,9,9,9,9,9,9,9,9,9,9,9,9,9,9,9,9,9,Delhi,77519.37984496124,30,28.5870929,77.0358277,14.514032420444764,20638967.95373665
170000000,1387,Karampura,2,1,9,9,9,9,9,9,9,9,9,9,9,9,9,9,9,9,9,9,9,9,9,9,9,9,9,9,9,9,9,9,9,9,9,9,9,Delhi,122566.69069935112,5,28.6646486,77.1472319,6.183099692130619,41353677.40322581
200000000,1800,Jor Bagh,3,1,9,9,9,9,9,9,9,9,9,9,9,9,9,9,9,9,9,9,9,9,9,9,9,9,9,9,9,9,9,9,9,9,9,9,9,Delhi,111111.11111111112,4,28.5865094,77.2125273,16.898749931281724,88871428.57142857
452100000,2200,Sector-18 Dwarka,4,1,9,9,9,9,9,9,9,9,9,9,9,9,9,9,9,9,9,9,9,9,9,9,9,9,9,9,9,9,9,9,9,9,9,9,9,Delhi,205500.0,30,28.5870929,77.0358277,14.514032420444764,20638967.95373665
419099999,6521,Saket,4,0,9,9,9,9,9,9,9,9,9,9,9,9,9,9,9,9,9,9,9,9,9,9,9,9,9,9,9,9,9,9,9,9,9,9,9,Delhi,64269.2836988192,37,28.521168,77.2022237,22.49811828045306,55254275.84482759
180000000,900,Paschim Vihar,3,1,9,9,9,9,9,9,9,9,9,9,9,9,9,9,9,9,9,9,9,9,9,9,9,9,9,9,9,9,9,9,9,9,9,9,9,Delhi,200000.0,40,28.6695782,77.095956,3.879156757471157,14975609.75609756
220000000,1200,Om Nagar,2,1,9,9,9,9,9,9,9,9,9,9,9,9,9,9,9,9,9,9,9,9,9,9,9,9,9,9,9,9,9,9,9,9,9,9,9,Delhi,183333.3333333333,65,28.5660924,77.2432851,20.57780625671583,25725703.296703298
220000000,1200,Sector 6 Rohini,2,1,9,9,9,9,9,9,9,9,9,9,9,9,9,9,9,9,9,9,9,9,9,9,9,9,9,9,9,9,9,9,9,9,9,9,9,Delhi,183333.3333333333,2,28.7118426,77.1110711,1.1990695544830476,20651256.41025641
465900000,2011,Shivalik,4,0,9,9,9,9,9,9,9,9,9,9,9,9,9,9,9,9,9,9,9,9,9,9,9,9,9,9,9,9,9,9,9,9,9,9,9,Delhi,231675.7831924416,3,28.5353753,77.2081104,21.36224064478771,49514985.68571428
748100000,7211,Saket,5,0,9,9,9,9,9,9,9,9,9,9,9,9,9,9,9,9,9,9,9,9,9,9,9,9,9,9,9,9,9,9,9,9,9,9,9,Delhi,103744.27957287476,37,28.521168,77.2022237,22.49811828045306,55254275.84482759
285400000,12552,Prithviraj Road,8,0,9,9,9,9,9,9,9,9,9,9,9,9,9,9,9,9,9,9,9,9,9,9,9,9,9,9,9,9,9,9,9,9,9,9,9,Delhi,22737.412364563417,1,28.6006687,77.2214443,16.32868575231106,31853342.452054795
362600000,8521,Chattarpur,5,0,9,9,9,9,9,9,9,9,9,9,9,9,9,9,9,9,9,9,9,9,9,9,9,9,9,9,9,9,9,9,9,9,9,9,9,Delhi,42553.69088135196,57,28.503846,77.183032,23.550278262143383,20148630.12328767
350000000,1200,Delhi,2,1,9,9,9,9,9,9,9,9,9,9,9,9,9,9,9,9,9,9,9,9,9,9,9,9,9,9,9,9,9,9,9,9,9,9,9,Delhi,291666.6666666667,59,28.6138954,77.2090057,14.43436058320876,30126888.873015877
340000000,7049,Greater Kailash,5,1,9,9,9,9,9,9,9,9,9,9,9,9,9,9,9,9,9,9,9,9,9,9,9,9,9,9,9,9,9,9,9,9,9,9,9,Delhi,48233.79202723791,91,28.5419077,77.2384925,22.36028963315253,44337660.92703863
220000000,2350,Palam,4,1,9,9,9,9,9,9,9,9,9,9,9,9,9,9,9,9,9,9,9,9,9,9,9,9,9,9,9,9,9,9,9,9,9,9,9,Delhi,93617.02127659574,14,28.5918933,77.0828242,12.583766863885543,17099645.607017543
200000000,2250,Om Nagar,2,1,9,9,9,9,9,9,9,9,9,9,9,9,9,9,9,9,9,9,9,9,9,9,9,9,9,9,9,9,9,9,9,9,9,9,9,Delhi,88888.88888888889,65,28.5660924,77.2432851,20.57780625671583,25725703.296703298
200000000,2400,Sector 19 Dwarka,4,1,9,9,9,9,9,9,9,9,9,9,9,9,9,9,9,9,9,9,9,9,9,9,9,9,9,9,9,9,9,9,9,9,9,9,9,Delhi,83333.33333333333,75,28.5757718,77.048712,15.163784303364611,19865616.22128852
355600000,2500,Dwarka New Delhi 110075,4,1,9,9,9,9,9,9,9,9,9,9,9,9,9,9,9,9,9,9,9,9,9,9,9,9,9,9,9,9,9,9,9,9,9,9,9,Delhi,142240.0,1,28.5649787,77.0510412,16.2190013193518,20072846.866028707
854599999,6852,Vasant Kunj,4,0,9,9,9,9,9,9,9,9,9,9,9,9,9,9,9,9,9,9,9,9,9,9,9,9,9,9,9,9,9,9,9,9,9,9,9,Delhi,124722.70855224752,263,28.5292495,77.1541335,20.025675933509657,25518106.61029412
854599999,5211,Sunder Nagar,5,0,9,9,9,9,9,9,9,9,9,9,9,9,9,9,9,9,9,9,9,9,9,9,9,9,9,9,9,9,9,9,9,9,9,9,9,Delhi,163999.23220111302,1,28.6016454,77.2421181,17.7551173010271,159033333.16666666
225400000,1250,Malviya Nagar,2,1,9,9,9,9,9,9,9,9,9,9,9,9,9,9,9,9,9,9,9,9,9,9,9,9,9,9,9,9,9,9,9,9,9,9,9,Delhi,180320.0,1,28.5339201,77.2124474,21.71048790028011,48937309.83098592
360000000,4400,Civil Lines,3,1,9,9,9,9,9,9,9,9,9,9,9,9,9,9,9,9,9,9,9,9,9,9,9,9,9,9,9,9,9,9,9,9,9,9,9,Delhi,81818.18181818182,6,28.6806862,77.2225999,12.020325765005278,29835937.5
260000000,1800,Shalimar Bagh,3,1,9,9,9,9,9,9,9,9,9,9,9,9,9,9,9,9,9,9,9,9,9,9,9,9,9,9,9,9,9,9,9,9,9,9,9,Delhi,144444.44444444444,2,28.7019574,77.1654317,6.154024136997803,97775000.0
120000000,954,Delhi,2,1,9,9,9,9,9,9,9,9,9,9,9,9,9,9,9,9,9,9,9,9,9,9,9,9,9,9,9,9,9,9,9,9,9,9,9,Delhi,125786.16352201258,59,28.6138954,77.2090057,14.43436058320876,30126888.873015877
365000000,2800,Karampura,4,1,9,9,9,9,9,9,9,9,9,9,9,9,9,9,9,9,9,9,9,9,9,9,9,9,9,9,9,9,9,9,9,9,9,9,9,Delhi,130357.14285714286,5,28.6646486,77.1472319,6.183099692130619,41353677.40322581
330000000,1800,Jasola,3,1,9,9,9,9,9,9,9,9,9,9,9,9,9,9,9,9,9,9,9,9,9,9,9,9,9,9,9,9,9,9,9,9,9,9,9,Delhi,183333.3333333333,27,28.5427353,77.2913342,25.70666931492031,23527494.81443299
160000000,600,Sector 23 Rohini,2,0,9,9,9,9,9,9,9,9,9,9,9,9,9,9,9,9,9,9,9,9,9,9,9,9,9,9,9,9,9,9,9,9,9,9,9,Delhi,266666.6666666667,31,28.7212288,77.0800085,2.9040132369633214,9771362.903225806
350000000,1400,Punjabi Bagh,3,1,9,9,9,9,9,9,9,9,9,9,9,9,9,9,9,9,9,9,9,9,9,9,9,9,9,9,9,9,9,9,9,9,9,9,9,Delhi,250000.0,12,28.672995,77.1461239,5.482753336427026,41983229.49180328
160000000,1400,Punjabi Bagh,3,1,9,9,9,9,9,9,9,9,9,9,9,9,9,9,9,9,9,9,9,9,9,9,9,9,9,9,9,9,9,9,9,9,9,9,9,Delhi,114285.71428571428,12,28.672995,77.1461239,5.482753336427026,41983229.49180328
125000000,1400,Punjabi Bagh,3,1,9,9,9,9,9,9,9,9,9,9,9,9,9,9,9,9,9,9,9,9,9,9,9,9,9,9,9,9,9,9,9,9,9,9,9,Delhi,89285.71428571429,12,28.672995,77.1461239,5.482753336427026,41983229.49180328
450000000,2520,Punjabi Bagh,6,1,9,9,9,9,9,9,9,9,9,9,9,9,9,9,9,9,9,9,9,9,9,9,9,9,9,9,9,9,9,9,9,9,9,9,9,Delhi,178571.42857142858,12,28.672995,77.1461239,5.482753336427026,41983229.49180328
220000000,1800,Vasant Vihar,2,1,9,9,9,9,9,9,9,9,9,9,9,9,9,9,9,9,9,9,9,9,9,9,9,9,9,9,9,9,9,9,9,9,9,9,9,Delhi,122222.22222222222,17,28.557827,77.1611168,17.19482194986725,31854017.85714286
220000000,585,Sangam Vihar,2,1,9,9,9,9,9,9,9,9,9,9,9,9,9,9,9,9,9,9,9,9,9,9,9,9,9,9,9,9,9,9,9,9,9,9,9,Delhi,376068.37606837606,1,28.5057128,77.2484672,26.21554499453781,74911111.0
700000000,1400,Vasant Kunj,3,1,9,9,9,9,9,9,9,9,9,9,9,9,9,9,9,9,9,9,9,9,9,9,9,9,9,9,9,9,9,9,9,9,9,9,9,Delhi,500000.0,263,28.5292495,77.1541335,20.025675933509657,25518106.61029412
140000000,1050,Vasant Kunj,2,1,9,9,9,9,9,9,9,9,9,9,9,9,9,9,9,9,9,9,9,9,9,9,9,9,9,9,9,9,9,9,9,9,9,9,9,Delhi,133333.33333333334,263,28.5292495,77.1541335,20.025675933509657,25518106.61029412
360000000,2400,Sector 53,4,1,9,9,9,9,9,9,9,9,9,9,9,9,9,9,9,9,9,9,9,9,9,9,9,9,9,9,9,9,9,9,9,9,9,9,9,Delhi,150000.0,1,28.736175,77.1100786,3.631200814220928,95832500.0
500000000,7259,Greater Kailash,5,1,9,9,9,9,9,9,9,9,9,9,9,9,9,9,9,9,9,9,9,9,9,9,9,9,9,9,9,9,9,9,9,9,9,9,9,Delhi,68880.01102080176,91,28.5419077,77.2384925,22.36028963315253,44337660.92703863
280000000,8000,Greater Kailash,5,1,9,9,9,9,9,9,9,9,9,9,9,9,9,9,9,9,9,9,9,9,9,9,9,9,9,9,9,9,9,9,9,9,9,9,9,Delhi,35000.0,91,28.5419077,77.2384925,22.36028963315253,44337660.92703863
280000000,1800,Cvd Line,3,1,9,9,9,9,9,9,9,9,9,9,9,9,9,9,9,9,9,9,9,9,9,9,9,9,9,9,9,9,9,9,9,9,9,9,9,Delhi,155555.55555555556,10,28.6328027,77.2197713,13.92270686433837,21341348.308988765
484400000,450,Om Enclave Mithapur Extension,2,1,9,9,9,9,9,9,9,9,9,9,9,9,9,9,9,9,9,9,9,9,9,9,9,9,9,9,9,9,9,9,9,9,9,9,9,Delhi,1076444.4444444445,4,28.6328027,77.2197713,13.92270686433837,21341348.308988765
450000000,1750,Karampura,3,1,9,9,9,9,9,9,9,9,9,9,9,9,9,9,9,9,9,9,9,9,9,9,9,9,9,9,9,9,9,9,9,9,9,9,9,Delhi,257142.8571428572,5,28.6646486,77.1472319,6.183099692130619,41353677.40322581
420000000,8000,Greater Kailash,5,1,9,9,9,9,9,9,9,9,9,9,9,9,9,9,9,9,9,9,9,9,9,9,9,9,9,9,9,9,9,9,9,9,9,9,9,Delhi,52500.0,91,28.5419077,77.2384925,22.36028963315253,44337660.92703863
450000000,9000,Greater Kailash,5,0,9,9,9,9,9,9,9,9,9,9,9,9,9,9,9,9,9,9,9,9,9,9,9,9,9,9,9,9,9,9,9,9,9,9,9,Delhi,50000.0,91,28.5419077,77.2384925,22.36028963315253,44337660.92703863
298500000,1200,Green Park,3,1,9,9,9,9,9,9,9,9,9,9,9,9,9,9,9,9,9,9,9,9,9,9,9,9,9,9,9,9,9,9,9,9,9,9,9,Delhi,248750.0,3,28.5564421,77.2038699,19.132777557460532,38119423.07692308
198900000,2111,Preet Vihar,4,1,9,9,9,9,9,9,9,9,9,9,9,9,9,9,9,9,9,9,9,9,9,9,9,9,9,9,9,9,9,9,9,9,9,9,9,Delhi,94220.74846044528,13,28.6414176,77.2952819,20.08314752304501,16907500.0
285400000,6541,Ghitorni,5,0,9,9,9,9,9,9,9,9,9,9,9,9,9,9,9,9,9,9,9,9,9,9,9,9,9,9,9,9,9,9,9,9,9,9,9,Delhi,43632.47209906742,3,28.4931214,77.1424868,23.707443550586497,78100000.0
704400000,1490,West End,3,1,9,9,9,9,9,9,9,9,9,9,9,9,9,9,9,9,9,9,9,9,9,9,9,9,9,9,9,9,9,9,9,9,9,9,9,Delhi,472751.677852349,22,28.5747614,77.1630662,15.509628382246088,46777419.35483871
120000000,1100,Sector 17 Dwarka,2,1,9,9,9,9,9,9,9,9,9,9,9,9,9,9,9,9,9,9,9,9,9,9,9,9,9,9,9,9,9,9,9,9,9,9,9,Delhi,109090.90909090907,11,28.5923185,77.0286151,14.340847517284866,19331479.576530613
300000000,2400,Block Wb Ganesh Nagar Ii,3,1,9,9,9,9,9,9,9,9,9,9,9,9,9,9,9,9,9,9,9,9,9,9,9,9,9,9,9,9,9,9,9,9,9,9,9,Delhi,125000.0,1,28.6328027,77.2197713,13.92270686433837,21341348.308988765
130000000,1000,Uttam Nagar,3,0,9,9,9,9,9,9,9,9,9,9,9,9,9,9,9,9,9,9,9,9,9,9,9,9,9,9,9,9,9,9,9,9,9,9,9,Delhi,130000.0,430,28.6215226,77.0611064,10.006672574224078,5982794.1712204
254100000,981,Om Nagar,2,1,9,9,9,9,9,9,9,9,9,9,9,9,9,9,9,9,9,9,9,9,9,9,9,9,9,9,9,9,9,9,9,9,9,9,9,Delhi,259021.40672782875,65,28.5660924,77.2432851,20.57780625671583,25725703.296703298
235200000,6251,Sainik Farms,6,0,9,9,9,9,9,9,9,9,9,9,9,9,9,9,9,9,9,9,9,9,9,9,9,9,9,9,9,9,9,9,9,9,9,9,9,Delhi,37625.97984322508,15,28.5067758,77.21857,24.64027931479023,31592821.39285714
141100000,1200,Dwarka Mor,2,1,9,9,9,9,9,9,9,9,9,9,9,9,9,9,9,9,9,9,9,9,9,9,9,9,9,9,9,9,9,9,9,9,9,9,9,Delhi,117583.33333333331,347,28.61931,77.0332792,11.580006727961011,7166372.809708738
300000000,1500,Sector 5 Dwarka,3,1,9,9,9,9,9,9,9,9,9,9,9,9,9,9,9,9,9,9,9,9,9,9,9,9,9,9,9,9,9,9,9,9,9,9,9,Delhi,200000.0,51,28.597408,77.0566944,12.644246166988394,17711263.968531467
500000000,3460,Mansarovar Garden,4,1,9,9,9,9,9,9,9,9,9,9,9,9,9,9,9,9,9,9,9,9,9,9,9,9,9,9,9,9,9,9,9,9,9,9,9,Delhi,144508.67052023122,1,28.6432658,77.1322572,7.342894041737881,37664049.95
170000000,1800,Connaught Place,3,1,9,9,9,9,9,9,9,9,9,9,9,9,9,9,9,9,9,9,9,9,9,9,9,9,9,9,9,9,9,9,9,9,9,9,9,Delhi,94444.44444444444,2,28.6314022,77.2193791,13.980098968934564,21341348.308988765
165000000,2750,Gachibowli,3,0,0,0,0,0,0,0,0,0,0,0,0,0,0,0,0,0,0,0,0,0,0,0,0,0,0,0,1,0,0,0,0,0,0,0,0,Hyderabad,60000.0,83,17.4436222,78.3519638,15.71717887598394,19258690.47619048
504000000,975,Barrackpore,2,0,9,9,9,9,9,9,9,9,9,9,9,9,9,9,9,9,9,9,9,9,9,9,9,9,9,9,9,9,9,9,9,9,9,9,9,Kolkata,516923.07692307694,13,22.615246,88.3787362,4.962840798931286,18481727.227272727
130000000,653,Tangra,2,0,9,9,9,9,9,9,9,9,9,9,9,9,9,9,9,9,9,9,9,9,9,9,9,9,9,9,9,9,9,9,9,9,9,9,9,Kolkata,199081.16385911172,369,22.5565107,88.3795946,2.4041570194062816,8707903.207373273
130000000,1100,New Town,2,0,9,9,9,9,9,9,9,9,9,9,9,9,9,9,9,9,9,9,9,9,9,9,9,9,9,9,9,9,9,9,9,9,9,9,9,Kolkata,118181.81818181818,711,22.5788545,88.4716628,11.103964248678528,8069479.204986149
105200000,826,Belghoria,2,0,9,9,9,9,9,9,9,9,9,9,9,9,9,9,9,9,9,9,9,9,9,9,9,9,9,9,9,9,9,9,9,9,9,9,9,Kolkata,127360.77481840194,26,22.5726459,88.3638953,0.0051058088214931,7546262.548369265
180000000,1825,New Town,3,1,9,9,9,9,9,9,9,9,9,9,9,9,9,9,9,9,9,9,9,9,9,9,9,9,9,9,9,9,9,9,9,9,9,9,9,Kolkata,98630.13698630135,711,22.5788545,88.4716628,11.103964248678528,8069479.204986149
140000000,1208,Tangra,3,0,9,9,9,9,9,9,9,9,9,9,9,9,9,9,9,9,9,9,9,9,9,9,9,9,9,9,9,9,9,9,9,9,9,9,9,Kolkata,115894.03973509934,369,22.5565107,88.3795946,2.4041570194062816,8707903.207373273
190000000,1100,Rajarhat,3,0,9,9,9,9,9,9,9,9,9,9,9,9,9,9,9,9,9,9,9,9,9,9,9,9,9,9,9,9,9,9,9,9,9,9,9,Kolkata,172727.27272727274,405,22.5726459,88.3638953,0.0051058088214931,7546262.548369265
110000000,1250,Howrah,3,0,9,9,9,9,9,9,9,9,9,9,9,9,9,9,9,9,9,9,9,9,9,9,9,9,9,9,9,9,9,9,9,9,9,9,9,Kolkata,88000.0,276,22.5850528,88.3469761,2.220516758421081,8766747.370242214
120000000,1497,Tollygunge,2,0,9,9,9,9,9,9,9,9,9,9,9,9,9,9,9,9,9,9,9,9,9,9,9,9,9,9,9,9,9,9,9,9,9,9,9,Kolkata,80160.32064128257,201,22.498636,88.3453908,8.408994551177425,10594885.67857143
120000000,1431,Kalikapur,3,0,9,9,9,9,9,9,9,9,9,9,9,9,9,9,9,9,9,9,9,9,9,9,9,9,9,9,9,9,9,9,9,9,9,9,9,Kolkata,83857.44234800838,23,22.5053017,88.4009957,8.3726009771218,9599199.257246375
110000000,1413,New Town,3,0,9,9,9,9,9,9,9,9,9,9,9,9,9,9,9,9,9,9,9,9,9,9,9,9,9,9,9,9,9,9,9,9,9,9,9,Kolkata,77848.5491861288,711,22.5788545,88.4716628,11.103964248678528,8069479.204986149
110000000,2074,Tollygunge,4,0,9,9,9,9,9,9,9,9,9,9,9,9,9,9,9,9,9,9,9,9,9,9,9,9,9,9,9,9,9,9,9,9,9,9,9,Kolkata,53037.60848601736,201,22.498636,88.3453908,8.408994551177425,10594885.67857143
120000000,964,Baranagar,2,0,9,9,9,9,9,9,9,9,9,9,9,9,9,9,9,9,9,9,9,9,9,9,9,9,9,9,9,9,9,9,9,9,9,9,9,Kolkata,124481.32780082988,21,22.6523929,88.3723399,8.87866064353971,12070620.655172411
130000000,947,International Airport,2,0,9,9,9,9,9,9,9,9,9,9,9,9,9,9,9,9,9,9,9,9,9,9,9,9,9,9,9,9,9,9,9,9,9,9,9,Kolkata,137275.60718057022,23,22.5726459,88.3638953,0.0051058088214931,7546262.548369265
190000000,945,Dum Dum,2,0,9,9,9,9,9,9,9,9,9,9,9,9,9,9,9,9,9,9,9,9,9,9,9,9,9,9,9,9,9,9,9,9,9,9,9,Kolkata,201058.20105820103,316,22.6210988,88.3978255,6.404134654208436,7935863.698296837
130000000,945,Dum Dum,2,0,9,9,9,9,9,9,9,9,9,9,9,9,9,9,9,9,9,9,9,9,9,9,9,9,9,9,9,9,9,9,9,9,9,9,9,Kolkata,137566.13756613756,316,22.6210988,88.3978255,6.404134654208436,7935863.698296837
135000000,1500,Howrah,3,0,9,9,9,9,9,9,9,9,9,9,9,9,9,9,9,9,9,9,9,9,9,9,9,9,9,9,9,9,9,9,9,9,9,9,9,Kolkata,90000.0,276,22.5850528,88.3469761,2.220516758421081,8766747.370242214
106000000,2826,Worli,3,1,0,0,1,1,0,0,0,0,0,0,0,0,0,1,0,1,0,0,0,0,0,0,0,0,0,1,0,0,0,0,0,0,0,0,0,Mumbai,37508.84642604388,24,18.9988404,72.8170327,10.66461478864505,84078822.2
101400000,2880,Lower Parel,3,1,0,0,1,1,0,0,0,0,0,0,0,0,0,0,1,1,0,0,0,0,0,0,0,0,0,1,0,0,0,0,0,0,0,0,0,Mumbai,35208.333333333336,11,18.99568,72.8302756,10.196576070769307,59988905.23157895
125000000,2904,Worli,4,0,1,1,1,1,1,1,1,1,1,1,1,1,1,1,1,1,1,0,0,1,0,1,0,0,1,1,0,1,0,0,0,0,0,0,0,Mumbai,43044.07713498623,24,18.9988404,72.8170327,10.66461478864505,84078822.2
180000000,2200,Juhu Tara,3,1,0,0,0,0,0,0,0,0,0,0,0,0,0,1,0,1,0,0,0,0,1,1,1,0,0,1,1,0,1,0,0,1,1,1,1,Mumbai,81818.18181818182,1,19.0902467,72.8276638,5.496863850471077,31827064.05128205
360000000,5476,Lower Parel,5,0,0,1,1,1,0,0,0,0,0,0,0,1,0,1,1,1,0,1,0,0,0,1,0,0,1,1,0,0,0,0,0,0,0,0,0,Mumbai,65741.41709276845,11,18.99568,72.8302756,10.196576070769307,59988905.23157895
360000000,5476,Lower Parel,5,0,0,1,1,1,0,0,0,0,0,0,0,1,0,1,1,1,0,1,0,0,0,1,0,0,1,1,0,0,0,0,0,0,0,0,0,Mumbai,65741.41709276845,11,18.99568,72.8302756,10.196576070769307,59988905.23157895
175000000,1903,Thane West,4,1,0,1,1,1,0,0,1,0,0,0,0,0,0,1,1,1,0,0,0,0,0,0,0,0,1,1,1,0,0,0,0,1,1,0,1,Mumbai,91960.06305832896,577,19.042855,73.0226449,15.691077080006274,14229161.96198347
120000000,3600,Worli,4,1,0,1,1,1,1,1,0,0,1,0,0,1,0,1,1,1,1,0,0,0,0,0,0,0,0,1,1,1,0,0,0,0,1,0,1,Mumbai,33333.333333333336,24,18.9988404,72.8170327,10.66461478864505,84078822.2
360000000,5476,Lower Parel,5,0,0,1,1,1,0,0,0,0,0,0,0,1,0,1,1,1,0,1,0,0,0,1,0,0,1,1,0,0,0,0,0,0,0,0,0,Mumbai,65741.41709276845,11,18.99568,72.8302756,10.196576070769307,59988905.23157895
150000000,2710,Mahalaxmi,3,1,1,0,0,0,0,1,0,0,0,0,0,0,0,1,1,1,0,0,0,0,0,0,1,0,0,1,1,0,0,0,1,0,0,1,0,Mumbai,55350.553505535056,5,18.9825203,72.8242196,11.779998227942416,68391863.62121212
400000000,3638,Worli,4,1,1,0,0,0,0,1,0,0,0,0,0,0,0,1,1,1,0,0,0,0,0,0,1,0,0,1,1,0,0,0,1,0,0,1,0,Mumbai,109950.52226498075,24,18.9988404,72.8170327,10.66461478864505,84078822.2
112500000,1340,Napeansea Road,3,1,0,0,0,0,0,0,0,0,0,0,0,0,0,1,1,0,0,0,0,0,0,0,1,0,0,1,1,0,0,0,0,0,0,1,0,Mumbai,83955.22388059701,4,19.054999,72.8692035,2.49073347524868,10826164.917928288
110000000,3300,Andheri West,4,0,0,0,0,0,0,0,0,0,0,0,0,0,0,0,0,0,0,0,0,0,0,0,0,0,0,0,0,0,0,0,0,0,0,0,0,Mumbai,33333.333333333336,189,19.1172495,72.833968,6.4828089526187584,29020244.41481481
200000000,3000,Tardeo,4,1,1,1,1,1,1,1,1,1,1,1,1,1,1,1,1,1,1,1,1,1,1,1,1,1,1,1,1,1,1,1,0,1,1,1,1,Mumbai,66666.66666666667,5,18.9645237,72.8209188,13.71131065155695,45924055.55555555
220000000,1450,Manpada,3,1,9,9,9,9,9,9,9,9,9,9,9,9,9,9,9,9,9,9,9,9,9,9,9,9,9,9,9,9,9,9,9,9,9,9,9,Mumbai,151724.1379310345,3,19.054999,72.8692035,2.49073347524868,10826164.917928288
145000000,2320,Yari Road,5,1,9,9,9,9,9,9,9,9,9,9,9,9,9,9,9,9,9,9,9,9,9,9,9,9,9,9,9,9,9,9,9,9,9,9,9,Mumbai,62500.0,2,19.1393785,72.8073965,10.19525137078278,23434222.222222224
160000000,3321,Tardeo,4,0,9,9,9,9,9,9,9,9,9,9,9,9,9,9,9,9,9,9,9,9,9,9,9,9,9,9,9,9,9,9,9,9,9,9,9,Mumbai,48178.25956037338,5,18.9645237,72.8209188,13.71131065155695,45924055.55555555
120000000,2394,Thane West,4,0,9,9,9,9,9,9,9,9,9,9,9,9,9,9,9,9,9,9,9,9,9,9,9,9,9,9,9,9,9,9,9,9,9,9,9,Mumbai,50125.31328320802,577,19.042855,73.0226449,15.691077080006274,14229161.96198347
250000000,2150,Hanuman Nagar,3,1,9,9,9,9,9,9,9,9,9,9,9,9,9,9,9,9,9,9,9,9,9,9,9,9,9,9,9,9,9,9,9,9,9,9,9,Mumbai,116279.06976744186,4,19.1412761,72.9207605,8.528745119806683,31820127.59574468
150000000,1500,Worli Sea Face,2,1,9,9,9,9,9,9,9,9,9,9,9,9,9,9,9,9,9,9,9,9,9,9,9,9,9,9,9,9,9,9,9,9,9,9,9,Mumbai,100000.0,1,19.0010616,72.8115088,10.83324717834753,63637428.53571428
120000000,890,Morya Nagar,2,1,9,9,9,9,9,9,9,9,9,9,9,9,9,9,9,9,9,9,9,9,9,9,9,9,9,9,9,9,9,9,9,9,9,9,9,Mumbai,134831.4606741573,2,19.1414769,72.8323049,8.680301265363111,19039576.903846152
153600000,620,Morya Nagar,1,1,9,9,9,9,9,9,9,9,9,9,9,9,9,9,9,9,9,9,9,9,9,9,9,9,9,9,9,9,9,9,9,9,9,9,9,Mumbai,247741.93548387097,2,19.1414769,72.8323049,8.680301265363111,19039576.903846152
250000000,2150,Hanuman Nagar,3,1,9,9,9,9,9,9,9,9,9,9,9,9,9,9,9,9,9,9,9,9,9,9,9,9,9,9,9,9,9,9,9,9,9,9,9,Mumbai,116279.06976744186,4,19.1412761,72.9207605,8.528745119806683,31820127.59574468
180000000,650,Kamothe,1,1,9,9,9,9,9,9,9,9,9,9,9,9,9,9,9,9,9,9,9,9,9,9,9,9,9,9,9,9,9,9,9,9,9,9,9,Mumbai,276923.07692307694,120,19.0164338,73.0806552,22.35800443056046,11957314.814814815
260000000,1165,Agripada,4,1,9,9,9,9,9,9,9,9,9,9,9,9,9,9,9,9,9,9,9,9,9,9,9,9,9,9,9,9,9,9,9,9,9,9,9,Mumbai,223175.9656652361,2,18.97504,72.8250555,12.47428618884746,57268500.0
140000000,1466,Haji Ali,2,1,9,9,9,9,9,9,9,9,9,9,9,9,9,9,9,9,9,9,9,9,9,9,9,9,9,9,9,9,9,9,9,9,9,9,9,Mumbai,95497.95361527968,1,18.9776392,72.8090351,13.068978266895716,69767200.0
170000000,946,Mahalaxmi,2,1,9,9,9,9,9,9,9,9,9,9,9,9,9,9,9,9,9,9,9,9,9,9,9,9,9,9,9,9,9,9,9,9,9,9,9,Mumbai,179704.01691331924,5,18.9825203,72.8242196,11.779998227942416,68391863.62121212
180000000,1203,Ghatkopar West,4,1,9,9,9,9,9,9,9,9,9,9,9,9,9,9,9,9,9,9,9,9,9,9,9,9,9,9,9,9,9,9,9,9,9,9,9,Mumbai,149625.93516209477,42,19.0897194,72.9045972,3.212302146528295,22136619.704225358
260000000,1165,Agripada,4,1,9,9,9,9,9,9,9,9,9,9,9,9,9,9,9,9,9,9,9,9,9,9,9,9,9,9,9,9,9,9,9,9,9,9,9,Mumbai,223175.9656652361,2,18.97504,72.8250555,12.47428618884746,57268500.0
420000000,1050,Mg Road,2,0,9,9,9,9,9,9,9,9,9,9,9,9,9,9,9,9,9,9,9,9,9,9,9,9,9,9,9,9,9,9,9,9,9,9,9,Mumbai,400000.0,1,19.1495114,72.8683501,8.196484453290822,71612500.0
110000000,1600,Andheri West,4,1,9,9,9,9,9,9,9,9,9,9,9,9,9,9,9,9,9,9,9,9,9,9,9,9,9,9,9,9,9,9,9,9,9,9,9,Mumbai,68750.0,189,19.1172495,72.833968,6.4828089526187584,29020244.41481481
120000000,2000,Juhu,4,1,9,9,9,9,9,9,9,9,9,9,9,9,9,9,9,9,9,9,9,9,9,9,9,9,9,9,9,9,9,9,9,9,9,9,9,Mumbai,60000.0,41,19.1070215,72.8275275,6.298290474107015,30497263.972
119900000,1365,Dronagiri,2,1,9,9,9,9,9,9,9,9,9,9,9,9,9,9,9,9,9,9,9,9,9,9,9,9,9,9,9,9,9,9,9,9,9,9,9,Mumbai,87838.82783882784,39,19.054999,72.8692035,2.49073347524868,10826164.917928288
113400000,3080,Andheri West,3,0,9,9,9,9,9,9,9,9,9,9,9,9,9,9,9,9,9,9,9,9,9,9,9,9,9,9,9,9,9,9,9,9,9,9,9,Mumbai,36818.181818181816,189,19.1172495,72.833968,6.4828089526187584,29020244.41481481
139500000,3780,Andheri West,4,0,9,9,9,9,9,9,9,9,9,9,9,9,9,9,9,9,9,9,9,9,9,9,9,9,9,9,9,9,9,9,9,9,9,9,9,Mumbai,36904.76190476191,189,19.1172495,72.833968,6.4828089526187584,29020244.41481481
105500000,1150,Worli,2,0,9,9,9,9,9,9,9,9,9,9,9,9,9,9,9,9,9,9,9,9,9,9,9,9,9,9,9,9,9,9,9,9,9,9,9,Mumbai,91739.1304347826,24,18.9988404,72.8170327,10.66461478864505,84078822.2
122500000,2394,Mahalaxmi,3,1,9,9,9,9,9,9,9,9,9,9,9,9,9,9,9,9,9,9,9,9,9,9,9,9,9,9,9,9,9,9,9,9,9,9,9,Mumbai,51169.59064327485,5,18.9825203,72.8242196,11.779998227942416,68391863.62121212
145000000,1125,Parel,2,1,9,9,9,9,9,9,9,9,9,9,9,9,9,9,9,9,9,9,9,9,9,9,9,9,9,9,9,9,9,9,9,9,9,9,9,Mumbai,128888.88888888888,39,19.0094817,72.8376614,8.484008357593966,31854648.4140625
125000000,560,Thakur Village Kandivali East,1,1,9,9,9,9,9,9,9,9,9,9,9,9,9,9,9,9,9,9,9,9,9,9,9,9,9,9,9,9,9,9,9,9,9,9,9,Mumbai,223214.2857142857,3,19.2113199,72.8710472,14.995414812631015,18799497.10632184
120000000,1527,Juhu,3,0,9,9,9,9,9,9,9,9,9,9,9,9,9,9,9,9,9,9,9,9,9,9,9,9,9,9,9,9,9,9,9,9,9,9,9,Mumbai,78585.46168958742,41,19.1070215,72.8275275,6.298290474107015,30497263.972
250000000,1750,Bandra East,3,0,9,9,9,9,9,9,9,9,9,9,9,9,9,9,9,9,9,9,9,9,9,9,9,9,9,9,9,9,9,9,9,9,9,9,9,Mumbai,142857.14285714287,15,19.0616565,72.8498111,3.3371648324864465,35312190.4047619
230000000,700,Mira Road East,1,0,9,9,9,9,9,9,9,9,9,9,9,9,9,9,9,9,9,9,9,9,9,9,9,9,9,9,9,9,9,9,9,9,9,9,9,Mumbai,328571.4285714286,481,19.054999,72.8692035,2.49073347524868,10826164.917928288
120000000,635,Jogeshwari West,1,1,9,9,9,9,9,9,9,9,9,9,9,9,9,9,9,9,9,9,9,9,9,9,9,9,9,9,9,9,9,9,9,9,9,9,9,Mumbai,188976.3779527559,33,19.136394,72.8373817,7.917754705825196,20415624.979166668
120000000,750,Andheri West,2,0,9,9,9,9,9,9,9,9,9,9,9,9,9,9,9,9,9,9,9,9,9,9,9,9,9,9,9,9,9,9,9,9,9,9,9,Mumbai,160000.0,189,19.1172495,72.833968,6.4828089526187584,29020244.41481481
180000000,1100,Kandivali East,3,1,9,9,9,9,9,9,9,9,9,9,9,9,9,9,9,9,9,9,9,9,9,9,9,9,9,9,9,9,9,9,9,9,9,9,9,Mumbai,163636.36363636365,168,19.2051958,72.8626165,14.38893521781634,19579989.493006997
120000000,742,Malad West,2,0,9,9,9,9,9,9,9,9,9,9,9,9,9,9,9,9,9,9,9,9,9,9,9,9,9,9,9,9,9,9,9,9,9,9,9,Mumbai,161725.06738544474,176,19.1852851,72.8358611,12.873138763004723,17678786.852459017
140000000,960,Andheri West,2,1,9,9,9,9,9,9,9,9,9,9,9,9,9,9,9,9,9,9,9,9,9,9,9,9,9,9,9,9,9,9,9,9,9,9,9,Mumbai,145833.33333333334,189,19.1172495,72.833968,6.4828089526187584,29020244.41481481
110000000,520,Chembur,1,1,9,9,9,9,9,9,9,9,9,9,9,9,9,9,9,9,9,9,9,9,9,9,9,9,9,9,9,9,9,9,9,9,9,9,9,Mumbai,211538.4615384616,174,19.054818,72.8979713,3.170129740694083,14192879.335120644
110000000,1540,Dronagiri,3,0,9,9,9,9,9,9,9,9,9,9,9,9,9,9,9,9,9,9,9,9,9,9,9,9,9,9,9,9,9,9,9,9,9,9,9,Mumbai,71428.57142857143,39,19.054999,72.8692035,2.49073347524868,10826164.917928288
110000000,1000,Prabhadevi,2,1,9,9,9,9,9,9,9,9,9,9,9,9,9,9,9,9,9,9,9,9,9,9,9,9,9,9,9,9,9,9,9,9,9,9,9,Mumbai,110000.0,10,19.0074717,72.8358965,8.76955600827481,31854648.4140625
105000000,1250,Andheri West,2,1,9,9,9,9,9,9,9,9,9,9,9,9,9,9,9,9,9,9,9,9,9,9,9,9,9,9,9,9,9,9,9,9,9,9,9,Mumbai,84000.0,189,19.1172495,72.833968,6.4828089526187584,29020244.41481481
110000000,1118,Bandra West,3,0,9,9,9,9,9,9,9,9,9,9,9,9,9,9,9,9,9,9,9,9,9,9,9,9,9,9,9,9,9,9,9,9,9,9,9,Mumbai,98389.98211091234,24,19.0598331,72.830385,5.2916537930127445,13796299.172131147
101800000,1500,Andheri West,3,0,9,9,9,9,9,9,9,9,9,9,9,9,9,9,9,9,9,9,9,9,9,9,9,9,9,9,9,9,9,9,9,9,9,9,9,Mumbai,67866.66666666667,189,19.1172495,72.833968,6.4828089526187584,29020244.41481481
150000000,1906,Malad East,4,0,9,9,9,9,9,9,9,9,9,9,9,9,9,9,9,9,9,9,9,9,9,9,9,9,9,9,9,9,9,9,9,9,9,9,9,Mumbai,78698.84575026234,92,19.1860219,72.8563181,12.38474556867165,20744435.25882353
110000000,750,Chembur,2,0,9,9,9,9,9,9,9,9,9,9,9,9,9,9,9,9,9,9,9,9,9,9,9,9,9,9,9,9,9,9,9,9,9,9,9,Mumbai,146666.66666666666,174,19.054818,72.8979713,3.170129740694083,14192879.335120644
110000000,890,Mira Road East,2,1,9,9,9,9,9,9,9,9,9,9,9,9,9,9,9,9,9,9,9,9,9,9,9,9,9,9,9,9,9,9,9,9,9,9,9,Mumbai,123595.50561797751,481,19.054999,72.8692035,2.49073347524868,10826164.917928288
107600000,940,Parel,2,0,9,9,9,9,9,9,9,9,9,9,9,9,9,9,9,9,9,9,9,9,9,9,9,9,9,9,9,9,9,9,9,9,9,9,9,Mumbai,114468.08510638298,39,19.0094817,72.8376614,8.484008357593966,31854648.4140625
115000000,1150,Bandra East,2,1,9,9,9,9,9,9,9,9,9,9,9,9,9,9,9,9,9,9,9,9,9,9,9,9,9,9,9,9,9,9,9,9,9,9,9,Mumbai,100000.0,15,19.0616565,72.8498111,3.3371648324864465,35312190.4047619
107600000,850,Matunga East,2,1,9,9,9,9,9,9,9,9,9,9,9,9,9,9,9,9,9,9,9,9,9,9,9,9,9,9,9,9,9,9,9,9,9,9,9,Mumbai,126588.23529411764,21,19.0270335,72.8561501,5.875735282937457,17405659.068181816
107600000,1800,Borivali West,3,1,9,9,9,9,9,9,9,9,9,9,9,9,9,9,9,9,9,9,9,9,9,9,9,9,9,9,9,9,9,9,9,9,9,9,9,Mumbai,59777.77777777778,202,19.2298129,72.8471376,17.327036169808803,15767819.64590164
107600000,1177,Parel,3,0,9,9,9,9,9,9,9,9,9,9,9,9,9,9,9,9,9,9,9,9,9,9,9,9,9,9,9,9,9,9,9,9,9,9,9,Mumbai,91418.86151231946,39,19.0094817,72.8376614,8.484008357593966,31854648.4140625
120000000,1100,Kalyan East,2,0,9,9,9,9,9,9,9,9,9,9,9,9,9,9,9,9,9,9,9,9,9,9,9,9,9,9,9,9,9,9,9,9,9,9,9,Mumbai,109090.90909090907,14,19.172377,72.9569277,13.538797437086838,13131921.45026178
138000000,688,Malad West,2,0,9,9,9,9,9,9,9,9,9,9,9,9,9,9,9,9,9,9,9,9,9,9,9,9,9,9,9,9,9,9,9,9,9,9,9,Mumbai,200581.3953488372,176,19.1852851,72.8358611,12.873138763004723,17678786.852459017
120000000,1600,Kharghar,3,1,9,9,9,9,9,9,9,9,9,9,9,9,9,9,9,9,9,9,9,9,9,9,9,9,9,9,9,9,9,9,9,9,9,9,9,Mumbai,75000.0,681,19.025773,73.0591845,19.895664184997106,10352500.726872249
113400000,1180,Ulwe,2,0,9,9,9,9,9,9,9,9,9,9,9,9,9,9,9,9,9,9,9,9,9,9,9,9,9,9,9,9,9,9,9,9,9,9,9,Mumbai,96101.69491525424,391,19.054999,72.8692035,2.49073347524868,10826164.917928288
139500000,952,Airoli,2,1,9,9,9,9,9,9,9,9,9,9,9,9,9,9,9,9,9,9,9,9,9,9,9,9,9,9,9,9,9,9,9,9,9,9,9,Mumbai,146533.61344537814,32,19.1585147,72.9994019,15.728986374894848,13388970.588235294
240000000,750,Malad West,1,1,9,9,9,9,9,9,9,9,9,9,9,9,9,9,9,9,9,9,9,9,9,9,9,9,9,9,9,9,9,9,9,9,9,9,9,Mumbai,320000.0,176,19.1852851,72.8358611,12.873138763004723,17678786.852459017
